{
  "IsEncrypted": false,
  "Values": {
    "AZURE_FUNCTIONS_ENVIRONMENT": "Development",
    "AzureWebJobsStorage": "<your-azure-storage-connection-string>",
    "AZURE_SERVICE_BUS_CONNECTION_STRING": "<your-service-bus-connection-string>",
    "BLOB_CONTAINER_UPLOADS": "uploads",
    "BLOB_CONTAINER_RESULTS": "results",
    "BLOB_CONTAINER_RULES": "rules",
    "DOCINTELLIGENCE_ENDPOINT": "<your-docintelligence-endpoint>",
    "DOCINTELLIGENCE_KEY": "<your-docintelligence-key>",
    "AZURE_OPENAI_ENDPOINT": "<your-openai-endpoint>",
    "AZURE_OPENAI_KEY": "<your-openai-key>",
    "MAX_TOKENS": 500,
    "OVERLAP": 200,
    "MAX_CONCURRENCY": 4
  }
}