{
  "file_id": "alex_20251021_145414_Sample_1.0.docx",
  "filename": "Sample_1.0.docx",
  "username": "alex",
  "summary": {
    "total_checkpoints": 25,
    "passed": 0,
    "failed": 25
  },
  "results": [
    {
      "S_No": 1,
      "Checkpoint": "Verify that the header of the document consists of BD logo,                                                                                                                                                                                                                                        1.Document number                                                                                                                                                                                                                                                                                                                                     2.Title                                                           \n3.Revision No\nhas relavent details in each page of the document                                                                \n                                                                                ",
      "Status": "Fail",
      "Recommendation": "Error in text engine: Error code: 404 - {'error': {'code': 'DeploymentNotFound', 'message': 'The API deployment for this resource does not exist. If you created the deployment within the last 5 minutes, please wait a moment and try again.'}}\nSTATUS: FAIL"
    },
    {
      "S_No": 2,
      "Checkpoint": "Verify that Table of Contents, Section titles and the page number is present\n                                                                                \n                                                                                ",
      "Status": "Fail",
      "Recommendation": "Error in text engine: Error code: 404 - {'error': {'code': 'DeploymentNotFound', 'message': 'The API deployment for this resource does not exist. If you created the deployment within the last 5 minutes, please wait a moment and try again.'}}\nSTATUS: FAIL"
    },
    {
      "S_No": 3,
      "Checkpoint": "Verify that In Purpose section has Name Project and the SRA Document number is present\n                                                                       ",
      "Status": "Fail",
      "Recommendation": "Error in text engine: Error code: 404 - {'error': {'code': 'DeploymentNotFound', 'message': 'The API deployment for this resource does not exist. If you created the deployment within the last 5 minutes, please wait a moment and try again.'}}\nSTATUS: FAIL"
    },
    {
      "S_No": 4,
      "Checkpoint": "Verify that Scope is present\n                                                                        ",
      "Status": "Fail",
      "Recommendation": "Error in text engine: Error code: 404 - {'error': {'code': 'DeploymentNotFound', 'message': 'The API deployment for this resource does not exist. If you created the deployment within the last 5 minutes, please wait a moment and try again.'}}\nSTATUS: FAIL"
    },
    {
      "S_No": 5,
      "Checkpoint": "Verify that In Scope is test is present\n                                                                        ",
      "Status": "Fail",
      "Recommendation": "Error in text engine: Error code: 404 - {'error': {'code': 'DeploymentNotFound', 'message': 'The API deployment for this resource does not exist. If you created the deployment within the last 5 minutes, please wait a moment and try again.'}}\nSTATUS: FAIL"
    },
    {
      "S_No": 6,
      "Checkpoint": "Verify that DEFINITIONS/ACRONYMS is present\n                                                                        ",
      "Status": "Fail",
      "Recommendation": "Error in text engine: Error code: 404 - {'error': {'code': 'DeploymentNotFound', 'message': 'The API deployment for this resource does not exist. If you created the deployment within the last 5 minutes, please wait a moment and try again.'}}\nSTATUS: FAIL"
    },
    {
      "S_No": 7,
      "Checkpoint": "Verify that the REFERENCES is present                                                                        \n                                                                        ",
      "Status": "Fail",
      "Recommendation": "Error in text engine: Error code: 404 - {'error': {'code': 'DeploymentNotFound', 'message': 'The API deployment for this resource does not exist. If you created the deployment within the last 5 minutes, please wait a moment and try again.'}}\nSTATUS: FAIL"
    },
    {
      "S_No": 8,
      "Checkpoint": "Verify that the Document number/Document name is present                            \n                                                                        ",
      "Status": "Fail",
      "Recommendation": "Error in text engine: Error code: 404 - {'error': {'code': 'DeploymentNotFound', 'message': 'The API deployment for this resource does not exist. If you created the deployment within the last 5 minutes, please wait a moment and try again.'}}\nSTATUS: FAIL"
    },
    {
      "S_No": 9,
      "Checkpoint": "Verify that the ROLES AND RESPONSIBILITIES is present\n                                                                        \n                                                                        ",
      "Status": "Fail",
      "Recommendation": "Error in text engine: Error code: 404 - {'error': {'code': 'DeploymentNotFound', 'message': 'The API deployment for this resource does not exist. If you created the deployment within the last 5 minutes, please wait a moment and try again.'}}\nSTATUS: FAIL"
    },
    {
      "S_No": 10,
      "Checkpoint": "Verify that the 'VALIDATION ACTIVITIES AND DELIVERABLES SUMMARY\" section for the following values:\n1. Document Number\n2. Document Title                                                                                                                                          \n                                                                           ",
      "Status": "Fail",
      "Recommendation": "Error in text engine: Error code: 404 - {'error': {'code': 'DeploymentNotFound', 'message': 'The API deployment for this resource does not exist. If you created the deployment within the last 5 minutes, please wait a moment and try again.'}}\nSTATUS: FAIL"
    },
    {
      "S_No": 11,
      "Checkpoint": "Verify that the 'SUMMARY OF TEST RESULTS / TEST DEVIATIONS' is present\n                                                                           ",
      "Status": "Fail",
      "Recommendation": "Error in text engine: Error code: 404 - {'error': {'code': 'DeploymentNotFound', 'message': 'The API deployment for this resource does not exist. If you created the deployment within the last 5 minutes, please wait a moment and try again.'}}\nSTATUS: FAIL"
    },
    {
      "S_No": 12,
      "Checkpoint": "Verify that sub section \u201c 7.1\u201d has relevant detail \n            ",
      "Status": "Fail",
      "Recommendation": "Error in text engine: Error code: 404 - {'error': {'code': 'DeploymentNotFound', 'message': 'The API deployment for this resource does not exist. If you created the deployment within the last 5 minutes, please wait a moment and try again.'}}\nSTATUS: FAIL"
    },
    {
      "S_No": 13,
      "Checkpoint": "Verify that sub section \u201c7.2\u201d has relevant detail ",
      "Status": "Fail",
      "Recommendation": "Error in text engine: Error code: 404 - {'error': {'code': 'DeploymentNotFound', 'message': 'The API deployment for this resource does not exist. If you created the deployment within the last 5 minutes, please wait a moment and try again.'}}\nSTATUS: FAIL"
    },
    {
      "S_No": 14,
      "Checkpoint": "Verify that sub section \u201c7.2.1\u201dhas relevant detail ",
      "Status": "Fail",
      "Recommendation": "Error in text engine: Error code: 404 - {'error': {'code': 'DeploymentNotFound', 'message': 'The API deployment for this resource does not exist. If you created the deployment within the last 5 minutes, please wait a moment and try again.'}}\nSTATUS: FAIL"
    },
    {
      "S_No": 15,
      "Checkpoint": "Verify that table has relevant detail                                                                                                                                                                                                                                                                                                              1. Test Runs executed                                                             \n2. Test runs passed                                                \n3. Test runs failed          ",
      "Status": "Fail",
      "Recommendation": "Error in text engine: Error code: 404 - {'error': {'code': 'DeploymentNotFound', 'message': 'The API deployment for this resource does not exist. If you created the deployment within the last 5 minutes, please wait a moment and try again.'}}\nSTATUS: FAIL"
    },
    {
      "S_No": 16,
      "Checkpoint": "Verify that sub section has relevant detail ,In the section \"7.3\", there should be non empty text\"",
      "Status": "Fail",
      "Recommendation": "Error in text engine: Error code: 404 - {'error': {'code': 'DeploymentNotFound', 'message': 'The API deployment for this resource does not exist. If you created the deployment within the last 5 minutes, please wait a moment and try again.'}}\nSTATUS: FAIL"
    },
    {
      "S_No": 17,
      "Checkpoint": "Verify that sub section has relevant detail ,In the section \"7.3.1\", there should be non empty text\"",
      "Status": "Fail",
      "Recommendation": "Error in text engine: Error code: 404 - {'error': {'code': 'DeploymentNotFound', 'message': 'The API deployment for this resource does not exist. If you created the deployment within the last 5 minutes, please wait a moment and try again.'}}\nSTATUS: FAIL"
    },
    {
      "S_No": 18,
      "Checkpoint": "Verify that table has relevant detail                                                                                                                                                                                                                                                                                                              1.# of Deviations  opened                                                                  \n2.# of Deviations closed                                       \n3.# of Deviations Dispositioned                                                 ",
      "Status": "Fail",
      "Recommendation": "Error in text engine: Error code: 404 - {'error': {'code': 'DeploymentNotFound', 'message': 'The API deployment for this resource does not exist. If you created the deployment within the last 5 minutes, please wait a moment and try again.'}}\nSTATUS: FAIL"
    },
    {
      "S_No": 19,
      "Checkpoint": "Verify that sub section has relevant detail,In the section \"7.3.2\", there should be non empty text\" ",
      "Status": "Fail",
      "Recommendation": "Error in text engine: Error code: 404 - {'error': {'code': 'DeploymentNotFound', 'message': 'The API deployment for this resource does not exist. If you created the deployment within the last 5 minutes, please wait a moment and try again.'}}\nSTATUS: FAIL"
    },
    {
      "S_No": 20,
      "Checkpoint": "Verify that table has relevant detail                                                                                                                                                                                                                                                                                                              1. Functional Error                                                                                                                                                                                                                                                                                                                                                  2. Tester Error\n3.Configuration Error\n4.Test Case/ Script Error\n5.Documentation Error\n6.Development Error\n7.Infrastructure Error\n8.Data Migration Error\n9.Scope \u2013 Process/Development\nIn the table, there should be non empty numbers",
      "Status": "Fail",
      "Recommendation": "Error in text engine: Error code: 404 - {'error': {'code': 'DeploymentNotFound', 'message': 'The API deployment for this resource does not exist. If you created the deployment within the last 5 minutes, please wait a moment and try again.'}}\nSTATUS: FAIL"
    },
    {
      "S_No": 21,
      "Checkpoint": "Verify that the 'SUMMARY OF DATA MIGRATION TEST RESULTS' is present\n                                                                           ",
      "Status": "Fail",
      "Recommendation": "Error in text engine: Error code: 404 - {'error': {'code': 'DeploymentNotFound', 'message': 'The API deployment for this resource does not exist. If you created the deployment within the last 5 minutes, please wait a moment and try again.'}}\nSTATUS: FAIL"
    },
    {
      "S_No": 22,
      "Checkpoint": "Verify that the 'PROCESS DEVIATIONS' is present\n                                                                           ",
      "Status": "Fail",
      "Recommendation": "Error in text engine: Error code: 404 - {'error': {'code': 'DeploymentNotFound', 'message': 'The API deployment for this resource does not exist. If you created the deployment within the last 5 minutes, please wait a moment and try again.'}}\nSTATUS: FAIL"
    },
    {
      "S_No": 23,
      "Checkpoint": "Verify that the 'EVALUATION / CONCLUSION' is present\n                                                                           ",
      "Status": "Fail",
      "Recommendation": "Error in text engine: Error code: 404 - {'error': {'code': 'DeploymentNotFound', 'message': 'The API deployment for this resource does not exist. If you created the deployment within the last 5 minutes, please wait a moment and try again.'}}\nSTATUS: FAIL"
    },
    {
      "S_No": 24,
      "Checkpoint": "Verify that the 'ATTACHMENTS' is present\n                                                                           ",
      "Status": "Fail",
      "Recommendation": "Error in text engine: Error code: 404 - {'error': {'code': 'DeploymentNotFound', 'message': 'The API deployment for this resource does not exist. If you created the deployment within the last 5 minutes, please wait a moment and try again.'}}\nSTATUS: FAIL"
    },
    {
      "S_No": 25,
      "Checkpoint": "Verify that the REVISION HISTORY section is present\n                                                                                                                                                ",
      "Status": "Fail",
      "Recommendation": "Error in text engine: Error code: 404 - {'error': {'code': 'DeploymentNotFound', 'message': 'The API deployment for this resource does not exist. If you created the deployment within the last 5 minutes, please wait a moment and try again.'}}\nSTATUS: FAIL"
    }
  ],
  "timestamp": "2025-10-21T14:54:27.069755"
}