User,File_Name,Upload_Time
test@gmail.com,Updated_Sample_1.0.docx,2025-10-08 13:57:44
test@gmail.com,Updated_Sample_1.0.docx,2025-10-08 14:15:52
jhon,Updated_Sample_1.0.docx,2025-10-08 14:36:20
alexa,Updated_Sample_1.0.docx,2025-10-08 15:10:19
alex,Updated_Sample_1.0.docx,2025-10-08 15:28:18
sam,Updated_Sample_1.0.docx,2025-10-08 15:37:57
jhon,Sample_1.0.docx,2025-10-09 18:50:31
jhon,Sample_1.0.docx,2025-10-10 13:25:53
Arun,Sample_1.0.docx,2025-10-16 12:38:16
alex,Sample_1.0.docx,2025-10-16 12:57:10
alex,Sample_1.0.docx,2025-10-16 14:09:28
alex,Sample_1.0.docx,2025-10-16 14:20:16
alex,Sample_1.0.docx,2025-10-16 20:18:13
alex,Sample_1.0.docx,2025-10-16 22:42:38
alex,Sample_1.0.docx,2025-10-17 09:59:52
alex,Sample_1.0.docx,2025-10-17 11:30:30
alex,Sample_1.0.docx,2025-10-17 11:32:06
alex,Sample_1.0.docx,2025-10-17 11:53:23
alex,Sample_1.0.docx,2025-10-17 11:54:11
alex,Sample_1.0.docx,2025-10-17 11:58:44
alex,Sample_1.0.docx,2025-10-17 12:08:47
Arun,Sample_1.0.docx,2025-10-17 12:18:33
alex,Sample_1.0.docx,2025-10-17 12:28:01
alex,Sample_1.0.docx,2025-10-17 12:33:56
alex,Sample_1.0.docx,2025-10-17 12:35:13
alex,Sample_1.0.docx,2025-10-17 12:46:14
alex,Sample_1.0.docx,2025-10-17 13:01:47
alex,Sample_1.0.docx,2025-10-17 13:22:24
alex,Sample_1.0.docx,2025-10-17 13:24:42
alex,Sample_1.0.docx,2025-10-17 13:30:34
alex,Sample_1.0.docx,2025-10-17 13:41:48
alex,Sample_1.0.docx,2025-10-17 14:51:11
alex,Sample_1.0.docx,2025-10-17 15:23:58
alex,Sample_1.0.docx,2025-10-17 15:41:18
arun,Sample_1.0.docx,2025-10-17 17:15:55
alex,Sample_1.0.docx,2025-10-17 17:24:53
alex,Sample_1.0.docx,2025-10-21 12:09:23
alex,Sample_1.0.docx,2025-10-21 12:21:41
alex,Sample_1.0.docx,2025-10-21 12:28:11
alex,Sample_1.0.docx,2025-10-21 12:48:52
alex,Sample_1.0.docx,2025-10-21 12:51:35
alex,Sample_1.0.docx,2025-10-21 13:22:09
alex,Sample_1.0.docx,2025-10-21 13:24:35
alex,Sample_1.0.docx,2025-10-21 13:26:54
alex,Sample_1.0.docx,2025-10-21 13:29:39
alex,Sample_1.0.docx,2025-10-21 13:34:27
alex,Sample_1.0.docx,2025-10-21 13:36:46
alex,Sample_1.0.docx,2025-10-21 13:40:42
alex,Sample_1.0.docx,2025-10-21 13:41:30
alex,Sample_1.0.docx,2025-10-21 13:43:58
alex,Sample_1.0.docx,2025-10-21 13:45:40
alex,Sample_1.0.docx,2025-10-21 13:47:30
alex,Sample_1.0.docx,2025-10-21 13:52:47
alex,Sample_1.0.docx,2025-10-21 13:57:41
alex,Sample_1.0.docx,2025-10-21 14:54:27
arun,Sample_1.0.docx,2025-10-21 14:55:17
alex,Sample_1.0.docx,2025-10-21 14:55:57
alex,Sample_1.0.docx,2025-10-21 16:39:00
alex,Sample_1.0.docx,2025-10-21 16:40:36
alex,Sample_1.0.docx,2025-10-21 16:41:59
alex,Sample_1.0.docx,2025-10-21 17:02:54
alex,Sample_1.0.docx,2025-10-21 17:07:14
alex,Sample_1.0.docx,2025-10-21 17:07:59
alex,Sample_1.0.docx,2025-10-21 17:09:18
alex,Sample_1.0.docx,2025-10-21 17:42:38
alex,Sample_1.0.docx,2025-10-21 18:07:52
alex,Sample_1.0.docx,2025-10-21 18:09:17
alex,Sample_1.0.docx,2025-10-21 18:11:13
alex,Sample_1.0.docx,2025-10-21 18:22:43
alex,Sample_1.0.docx,2025-10-21 18:23:41
alex,Sample_1.0.docx,2025-10-21 18:25:52
alex,Sample_1.0.docx,2025-10-21 18:58:07
alex,Sample_1.0.docx,2025-10-21 20:54:54
alex,Sample_1.0.docx,2025-10-21 20:57:12
alex,Sample_1.0.docx,2025-10-21 20:57:50
alex,Sample_1.0.docx,2025-10-21 21:01:12
alex,Sample_1.0.docx,2025-10-21 21:04:32
alex,Sample_1.0.docx,2025-10-21 21:05:58
alex,Sample_1.0.docx,2025-10-21 21:14:55
alex,Sample_1.0.docx,2025-10-21 21:18:41
alex,Sample_1.0.docx,2025-10-22 11:31:29
alex,Sample_1.0.docx,2025-10-22 13:41:21
alex,Sample_1.0.docx,2025-10-22 13:42:06
alex,Sample_1.0.docx,2025-10-22 13:42:18
alex,Sample_1.0.docx,2025-10-22 14:02:36
alex,Sample_1.0.docx,2025-10-22 14:05:57
alex,Sample_1.0.docx,2025-10-22 14:07:30
alex,Sample_1.0.docx,2025-10-22 14:34:26
